Configuration,Model,RMSE,MAE,MAPE,MSE,Random Seed,Deterministic Training
sentiment,XGBoost,15.140688705301878,12.374238421768668,2.9429410614081775,229.24045447085584,42,True
