Configuration,Model,RMSE,MAE,MAPE,MSE,Random Seed,Deterministic Training
technical,XGBoost,12.556664973454055,10.019588999568969,2.373337265013673,157.66983525556793,42,True
