Configuration,Model,RMSE,MAE,MAPE,MSE,Random Seed,Deterministic Training
technical,GRU,10.95840422044592,8.836855493465963,2.10166841728709,120.08662305868698,42,True
