Configuration,Model,RMSE,MAE,MAPE,MSE,Random Seed,Deterministic Training
sentiment,LSTM,12.746117318008949,10.304332279985887,2.444897932410318,162.46350668444765,42,True
sentiment,GRU,14.58566484361526,11.97146613769118,2.8447789704368205,212.7416189302742,42,True
sentiment,Transformer,10.85940696419162,8.765998639522596,2.084225056215433,117.92671961393347,42,True
sentiment,XGBoost,15.140688705301878,12.374238421768668,2.9429410614081775,229.24045447085584,42,True
