History Epochs,Best Epoch,Final Train Loss,Final Val Loss,Best Val MAE,Final Val MAE,Final Learning Rate,Final Train MAE Scaled Return,Final Val MAE Scaled Return,Best Val MAE Scaled Return,Configuration,Model,Random Seed,Deterministic Training
50,6,0.005814573232783005,0.004484930075705051,8.832731054664935,8.94912377569195,7.8125e-07,,,,sentiment,LSTM,42,True
50,3,0.005440226283099037,0.0046425750479102135,8.775054486686784,9.191600087531173,7.8125e-07,,,,sentiment,GRU,42,True
50,4,0.005609782463579904,0.004678680561482906,9.095888759076473,9.290705712728725,7.8125e-07,,,,sentiment,Transformer,42,True
2000,14,,,,,,0.01133582377686788,0.07753590269694252,0.07145952468826658,sentiment,XGBoost,42,True
