Configuration,Model,RMSE,MAE,MAPE,MSE,Random Seed,Deterministic Training
technical,LSTM,11.01161796556301,8.82152017313493,2.0996681667824473,121.25573021951004,42,True
