Configuration,Model,RMSE,MAE,MAPE,MSE,Random Seed,Deterministic Training
sentiment,LSTM,12.746117318008949,10.304332279985887,2.444897932410318,162.46350668444765,42,True
