Configuration,Model,RMSE,MAE,MAPE,MSE,Random Seed,Deterministic Training
technical,LSTM,11.01161796556301,8.82152017313493,2.0996681667824473,121.25573021951004,42,True
technical,GRU,10.95840422044592,8.836855493465963,2.10166841728709,120.08662305868698,42,True
technical,Transformer,10.893424689398675,8.75358823280337,2.0811997254982777,118.6667014636006,42,True
technical,XGBoost,12.556664973454055,10.019588999568969,2.373337265013673,157.66983525556793,42,True
