History Epochs,Best Epoch,Final Train Loss,Final Val Loss,Best Val MAE,Final Val MAE,Final Learning Rate,Final Train MAE Scaled Return,Final Val MAE Scaled Return,Best Val MAE Scaled Return,Configuration,Model,Random Seed,Deterministic Training
50,5,0.005546691303607076,0.004376513883471489,8.903217470450596,8.976617254062495,7.8125e-07,,,,technical,LSTM,42,True
50,12,0.006005767201713752,0.004406956490129232,8.743443524802831,9.0367193753619,1.5625e-06,,,,technical,GRU,42,True
50,7,0.006135814779554494,0.004485956393182278,8.847471183894038,9.059730501792274,7.8125e-07,,,,technical,Transformer,42,True
2000,8,,,,,,0.017994116958661,0.07679158023425511,0.0715524580270525,technical,XGBoost,42,True
