Configuration,Model,RMSE,MAE,MAPE,MSE,Random Seed,Deterministic Training
sentiment,GRU,14.58566484361526,11.97146613769118,2.8447789704368205,212.7416189302742,42,True
