Configuration,Model,RMSE,MAE,MAPE,MSE,Random Seed,Deterministic Training
technical_sentiment,LSTM,10.913689654211616,8.852618500453861,2.1011147707075333,119.10862186844565,42,True
technical_sentiment,GRU,11.036579888357393,8.935596195870607,2.1218755844168102,121.8060956320949,42,True
technical_sentiment,Transformer,11.014863304011795,8.921144058106735,2.1182446040810787,121.32721360606565,42,True
technical_sentiment,XGBoost,13.011518733670673,10.48256648114205,2.4813671569411904,169.29961975666288,42,True
